Hotel_Name,Review_ID,Author,Date,Classification,Quote_Text
 FEBOR PARK HOTEL LEVENT, FE_P1_R1,Unknown Author,N/A,Positive,"Very clean. Everything is falling apart and screams for renovation but it was one of the most tidy rooms I have stayed in in a long time. 
Simple breakfast being included was a nice benefit. Nothing too special was served but it is to be expected for this room price. It is more than enough to sustain you through the morning"
 FEBOR PARK HOTEL LEVENT, FE_P1_R1,Unknown Author,N/A,Negative,Lack of the lock on the door is a bit concerning. Had to use the chair to block the door to be able to calmly sleep at night
 FEBOR PARK HOTEL LEVENT, FE_P1_R2,Unknown Author,N/A,Positive,"Quality/rate in mind, it is descent."
 FEBOR PARK HOTEL LEVENT, FE_P1_R2,Unknown Author,N/A,Negative,"Old and poor breakfast. Yet again, the price was low so no complaints"
 FEBOR PARK HOTEL LEVENT, FE_P1_R3,Unknown Author,N/A,Positive,"Personally I find the location perfect, it's not my first trip to Istanbul and definitely the best location I ve experienced so far. Walking distance to metro station, not far from city centre and close to M11 metro which takes you to the airport direct.
Room was nice and clean, good value for money for a 3 * hotel"
 FEBOR PARK HOTEL LEVENT, FE_P1_R3,Unknown Author,N/A,Negative,It's a bit old hotel but there is nothing wrong with that
 FEBOR PARK HOTEL LEVENT, FE_P1_R4,Unknown Author,N/A,Positive,Good location if You need fast transportation to airport. Large rooms.
 FEBOR PARK HOTEL LEVENT, FE_P1_R4,Unknown Author,N/A,Negative,Breakfest is very poor.
 FEBOR PARK HOTEL LEVENT, FE_P1_R5,Unknown Author,N/A,Positive,The location of the hotel was close to my work place thus I walked for 10 minutes instead of taking a metro/taxi.
 FEBOR PARK HOTEL LEVENT, FE_P1_R5,Unknown Author,N/A,Negative,In my country smoking in public is prohibited.   I did not like smoking very close to the hotel actually at the terrace of the hotel. as all non smokers were taking in the secondary smoke into our lungs.
 FEBOR PARK HOTEL LEVENT, FE_P1_R6,Unknown Author,N/A,Positive,Yer olaraq yaxshi idi metroya ve zorlu centere yaxin idi.seher yemeyi normal .temizlik normal.
 FEBOR PARK HOTEL LEVENT, FE_P1_R6,Unknown Author,N/A,Negative,Otel cooox kohnedi
 FEBOR PARK HOTEL LEVENT, FE_P1_R7,Unknown Author,N/A,Positive,It’s cheap and ok for the price. Rooms are mediocre. Breakfast is mediocre. The staff is extremely helpful. They printed documents for us and took care of our car after check-out time.
 FEBOR PARK HOTEL LEVENT, FE_P1_R7,Unknown Author,N/A,Negative,"The rooms need a little renovation, my sheets were not fully dried. At least they were laundered indeed."
 FEBOR PARK HOTEL LEVENT, FE_P1_R8,Unknown Author,N/A,Positive,Good location for catching the metro to the airport. Not too far from a few shops and a park.
 FEBOR PARK HOTEL LEVENT, FE_P1_R8,Unknown Author,N/A,Negative,It was a little bit dirty but nothing to get too concerned over.
 FEBOR PARK HOTEL LEVENT, FE_P1_R9,Unknown Author,N/A,Positive,good  breakfast
 FEBOR PARK HOTEL LEVENT, FE_P1_R9,Unknown Author,N/A,Negative,it need new carpet and some area paint.
 FEBOR PARK HOTEL LEVENT, FE_P1_R10,Unknown Author,N/A,Positive,Good placement. Stuff was very good
 FEBOR PARK HOTEL LEVENT, FE_P1_R10,Unknown Author,N/A,Negative,"breakfast almost same everyday. no soap/shampoo in dispensers, had to buy in near market."
 FEBOR PARK HOTEL LEVENT, FE_P1_R11,Unknown Author,N/A,Positive,"Breakfast was the same every day, it was little bit annoying, but I guess it's fine for the price. Lots of street cats asked for food while breakfast time, it was cute, my son fed them and he was happy about it."
 FEBOR PARK HOTEL LEVENT, FE_P1_R11,Unknown Author,N/A,Negative,"Some visitors smoked inside their room, and the smoking smell felt everywhere, especially in my room. We visited the Istanbul at October, so it was possible to open the window for getting free air, but I think, it could be annoying during summer time for people, who don't like smoking smell. I would say, that the hotel doesn't suit for people who don't smoke."
 FEBOR PARK HOTEL LEVENT, FE_P1_R12,Unknown Author,N/A,Positive,"-location is great
-good value for money
-adorable cats in the backyard"
 FEBOR PARK HOTEL LEVENT, FE_P1_R12,Unknown Author,N/A,Negative,"- lack of responsiveness at times 
- the shower door was broken"
 FEBOR PARK HOTEL LEVENT, FE_P1_R13,Unknown Author,N/A,Positive,"The price was very good. The hotel was located close to the metro station. The room was nice, the bed was comfortable. There was a safe in the room. The staff was friendly."
 FEBOR PARK HOTEL LEVENT, FE_P1_R13,Unknown Author,N/A,Negative,One from the 2 shower cabin doors was missing. It made a huge puddle in the bathroom which we had to clean to be safe.
 FEBOR PARK HOTEL LEVENT, FE_P1_R14,Unknown Author,N/A,Positive,"Appreciated the buffet breakfast in the morning, simple but sufficient"
 FEBOR PARK HOTEL LEVENT, FE_P1_R14,Unknown Author,N/A,Negative,"Tiny bedroom - requested a twin room but had a double bed, and hardly any room to move around.  
Signage could have been better as difficult to find in dark.."
 FEBOR PARK HOTEL LEVENT, FE_P1_R15,Unknown Author,N/A,Positive,Place
 FEBOR PARK HOTEL LEVENT, FE_P1_R15,Unknown Author,N/A,Negative,"In room smell of tabac, poor braekfeast"
 FEBOR PARK HOTEL LEVENT, FE_P1_R16,Unknown Author,N/A,Positive,Close to metro station. quiet area.
 FEBOR PARK HOTEL LEVENT, FE_P1_R16,Unknown Author,N/A,Negative,breakfast. very limited options.
 FEBOR PARK HOTEL LEVENT, FE_P1_R17,Unknown Author,N/A,Positive,Location.
 FEBOR PARK HOTEL LEVENT, FE_P1_R17,Unknown Author,N/A,Negative,The night staff was almost rude. The person when we arrived was great!
 FEBOR PARK HOTEL LEVENT, FE_P1_R18,Unknown Author,N/A,Positive,"The room was clean.
The food was fresh and of good quality.
I especially like the bathroom that was of pristine cleanliness. Both nights I slept very well and felt myself very comfortable and safe."
 FEBOR PARK HOTEL LEVENT, FE_P1_R18,Unknown Author,N/A,Negative,"Wi-Fi wasn't working properly on the 4th floor that my room was at. If having internet connection is important to you I would recommend changing the room. 
I was also fighting a little bit with a shower bracket, but it didn't affect my stay very much ;)"
 FEBOR PARK HOTEL LEVENT, FE_P1_R19,Unknown Author,N/A,Positive,"Breakfast was quite good, a buffet with a selection of sausages, cheese, veggies, eggs"
 FEBOR PARK HOTEL LEVENT, FE_P1_R19,Unknown Author,N/A,Negative,"Rather small room, interior needs renovation"
 FEBOR PARK HOTEL LEVENT, FE_P1_R20,Unknown Author,N/A,Positive,"Location was good, quite accessible from the main street. Also easy to connect with public transport. Breakfast was good."
 FEBOR PARK HOTEL LEVENT, FE_P1_R20,Unknown Author,N/A,Negative,Entrance quite steep for pedestrians. But I could roll my luggage down
 FEBOR PARK HOTEL LEVENT, FE_P1_R21,Unknown Author,N/A,Positive,Very good
 FEBOR PARK HOTEL LEVENT, FE_P1_R21,Unknown Author,N/A,Negative,Facility upgrade e.g the lift elevator
 FEBOR PARK HOTEL LEVENT, FE_P1_R22,Unknown Author,N/A,Positive,"Great internet, even could watch cartoons. Everything you need is available."
 FEBOR PARK HOTEL LEVENT, FE_P1_R22,Unknown Author,N/A,Negative,"Tired hotel, old furniture."
 FEBOR PARK HOTEL LEVENT, FE_P1_R23,Unknown Author,N/A,Positive,"- The location is good if you plan on taking the first metro train to IST airport
- There is a Șok supermarket 4 mins away on foot
- Good wi-fi quality"
 FEBOR PARK HOTEL LEVENT, FE_P1_R23,Unknown Author,N/A,Negative,"I left early and therefore could not have breakfast, and the hotel could not arrange any substitute."
 FEBOR PARK HOTEL LEVENT, FE_P1_R24,Unknown Author,N/A,Positive,location
 FEBOR PARK HOTEL LEVENT, FE_P1_R24,Unknown Author,N/A,Negative,Old carpet at the stairs
 FEBOR PARK HOTEL LEVENT, FE_P1_R25,Unknown Author,N/A,Positive,The breakfast
 FEBOR PARK HOTEL LEVENT, FE_P1_R25,Unknown Author,N/A,Negative,The staff were abit rude and often didn't speak the truth
 FEBOR PARK HOTEL LEVENT, FE_P2_R1,Unknown Author,N/A,Positive,Thank You for everything You did for my mother
 FEBOR PARK HOTEL LEVENT, FE_P2_R1,Unknown Author,N/A,Negative,"Warm floor, clean , tasty breakfast, a lot of water when I ask, very helpful stuff ♥️"
 FEBOR PARK HOTEL LEVENT, FE_P2_R2,Unknown Author,N/A,Positive,"The stay was comfortable, I was very well cared for. Thank you for the hospitality"
 FEBOR PARK HOTEL LEVENT, FE_P2_R3,Unknown Author,N/A,Positive,"Clean and warm room, good service and necessary appliances"
 FEBOR PARK HOTEL LEVENT, FE_P2_R4,Unknown Author,N/A,Positive,"Very good facilities for the price paid... big enough room, very good bed, very warm room,  hot water, towels, slippers, everything.  For a very good price!"
 FEBOR PARK HOTEL LEVENT, FE_P2_R5,Unknown Author,N/A,Positive,"Everything was good for the price. Breakfast, comfortable bed with lighting, teapot, two bottles of water, mini-safe, refrigirator, hair-dryer. Very quiet surroundings. In the sky-scrappers district. Can only recommend for that price."
 FEBOR PARK HOTEL LEVENT, FE_P2_R5,Unknown Author,N/A,Negative,Only the shower head didn't work quite right.
 FEBOR PARK HOTEL LEVENT, FE_P2_R6,Unknown Author,N/A,Positive,"Nice hotel with kind staff.
3 or 4 metro lines nearby, so quite fast connection to any part of the city including new airport.
Great breakfast."
 FEBOR PARK HOTEL LEVENT, FE_P2_R6,Unknown Author,N/A,Negative,"Difficult to walk from/to the metro, especially with a suitcase, no sidewalks or they are occupied by cars."
 FEBOR PARK HOTEL LEVENT, FE_P2_R7,Unknown Author,N/A,Positive,"The staf was really gentle and helpful, the room was clean and comfortable"
 FEBOR PARK HOTEL LEVENT, FE_P2_R8,Unknown Author,N/A,Positive,"Nothing was nice about this hotel, I just would NOT recommend it! Save yourself your money and book elsewhere, even if it means to pay a bit more!"
 FEBOR PARK HOTEL LEVENT, FE_P2_R8,Unknown Author,N/A,Negative,Nothing
 FEBOR PARK HOTEL LEVENT, FE_P2_R9,Unknown Author,N/A,Positive,The only good thing about this place is the location and this even was not super but good.
 FEBOR PARK HOTEL LEVENT, FE_P2_R9,Unknown Author,N/A,Negative,"Everything related to the rooms itself or the hotel in general or even the breakfast was below average although you are paying something here, it is not for free. The worst was noise of the cleaning staff in the morning, the room doors pass every sound possible. they have a wors rooms that are not showing in the pictures here but may show on google"
 FEBOR PARK HOTEL LEVENT, FE_P2_R10,Unknown Author,N/A,Positive,The location is perfect if you travel with a car. You don't need to drive in small streets and there is a private parking inside. Just keep in mind you have to give them your car keys for them to move the car if needed. The location is tourist safe and close to metro and bus stops. The saff was very helpful even giving advice on where to go in the city and how to get there. The room was clean and comfortable with nice view over the city. There is a breakfast included which was basic but fine.
 FEBOR PARK HOTEL LEVENT, FE_P2_R10,Unknown Author,N/A,Negative,My room was close to the elevator so it was a bit noisy but not really a big deal if you have earplugs
 FEBOR PARK HOTEL LEVENT, FE_P2_R11,Unknown Author,N/A,Positive,"The room was spacious, clean, and comfortable. The price also included breakfast. There is a metro station nearby, which made commuting around the city quite easy."
 FEBOR PARK HOTEL LEVENT, FE_P2_R11,Unknown Author,N/A,Negative,None.
 FEBOR PARK HOTEL LEVENT, FE_P2_R12,Unknown Author,N/A,Positive,the staff is friendly. breakfast is delicious. there is a yard where you can sit in the evening. an iron was provided upon request. great location.I think I will come back.
 FEBOR PARK HOTEL LEVENT, FE_P2_R12,Unknown Author,N/A,Negative,the only thing is an old repair
 FEBOR PARK HOTEL LEVENT, FE_P2_R13,Unknown Author,N/A,Positive,que l'amplacement
 FEBOR PARK HOTEL LEVENT, FE_P2_R13,Unknown Author,N/A,Negative,equipment
 FEBOR PARK HOTEL LEVENT, FE_P2_R14,Unknown Author,N/A,Positive,the bed
 FEBOR PARK HOTEL LEVENT, FE_P2_R14,Unknown Author,N/A,Negative,Evreything was old the toilet it was not stuck to the floor it was very uncomfortable
 FEBOR PARK HOTEL LEVENT, FE_P2_R15,Unknown Author,N/A,Positive,Good breakfast. Good WiFi
 FEBOR PARK HOTEL LEVENT, FE_P2_R15,Unknown Author,N/A,Negative,Uncomfortable bed with the smell of cigarettes. Dirty everywhere. Not paying attention to clients hotel service.
 FEBOR PARK HOTEL LEVENT, FE_P2_R16,Unknown Author,N/A,Positive,"The location is great, close to the Gayrettepe metro station, from where you can go anywhere in Istanbul (including the Istanbul Airport). My room was clean, quiet and comfortable."
 FEBOR PARK HOTEL LEVENT, FE_P2_R16,Unknown Author,N/A,Negative,"Nothing to mention, everything was good."
 FEBOR PARK HOTEL LEVENT, FE_P2_R17,Unknown Author,N/A,Positive,"The hotel itself placed quite near to metro and bus station, and the breakfast is satisfying.
Those are the only pros of this hotel"
 FEBOR PARK HOTEL LEVENT, FE_P2_R17,Unknown Author,N/A,Negative,"The rooms are moldy, the furniture are carrying signs of thousand years of usage, ""the boss"" at reception is rude and speaking more like burglar rather than decent hotel worker. And THE SMELL, the awful smell are everywhere.
And be careful they're charging you at reception so at any case don't pay in the Booking"
 FEBOR PARK HOTEL LEVENT, FE_P2_R18,Unknown Author,N/A,Positive,The location was good for me. Because exam center was very near
 FEBOR PARK HOTEL LEVENT, FE_P2_R18,Unknown Author,N/A,Negative,"It was the worst hotel I’ve ever stayed. Room, bathroom, furniture was very bad. The room was not cleaned up. The towels were used! Breakfast was awful."
 FEBOR PARK HOTEL LEVENT, FE_P2_R19,Unknown Author,N/A,Positive,"Amazing staff members , very polite and helpful 👍"
 FEBOR PARK HOTEL LEVENT, FE_P2_R19,Unknown Author,N/A,Negative,Good breakfast.
 FEBOR PARK HOTEL LEVENT, FE_P2_R20,Unknown Author,N/A,Positive,Location was great
 FEBOR PARK HOTEL LEVENT, FE_P2_R20,Unknown Author,N/A,Negative,"Rooms were falling apart 
Staff were not friendly"
 FEBOR PARK HOTEL LEVENT, FE_P2_R21,Unknown Author,N/A,Positive,"The staff was friendly, the location was good and the last room was clean"
 FEBOR PARK HOTEL LEVENT, FE_P2_R21,Unknown Author,N/A,Negative,"I am a non smoker l, so imagine my surprise and terror when after a long trip I had to stay to a dirty noisy room stinking cigarette with broken porcelains in bathroom. After arguing, they put me to a clean room but without air condition and the next day they gave me finally a proper room which was clean and more to the standards of a three-star hotel despite the need of minor restoration. Nevertheless,on my last day before checkout the cleaners took my pyjamas (white T-shirt) with the bedsheets and they never returned them back. They argue that they always check before cleaning the bedsheets but this is not true: I had four clothes for my 4-day trip and now I return with two of them. I don’t know if they finally find my t-shirt but their behaviour was totally unprofessional."
 FEBOR PARK HOTEL LEVENT, FE_P2_R22,Unknown Author,N/A,Positive,Clean and staffs are more friendly
 FEBOR PARK HOTEL LEVENT, FE_P2_R23,Unknown Author,N/A,Positive,Great Location & clean room. Great connection to the airport.
 FEBOR PARK HOTEL LEVENT, FE_P2_R23,Unknown Author,N/A,Negative,"The rooms smell cigarettes terribly, and was falling apart. The hotel needs a serious renovation."
 FEBOR PARK HOTEL LEVENT, FE_P2_R24,Unknown Author,N/A,Positive,Nothing
 FEBOR PARK HOTEL LEVENT, FE_P2_R24,Unknown Author,N/A,Negative,"The most terrible place I've ever stayed.  The air conditioning did not work, there is a stadium under the windows, where there was noise until late at night.  If you open the window, there will be mosquitoes, since there are no screens on the windows.  The worst thing is synthetic bedding.  I can't recommend"
 FEBOR PARK HOTEL LEVENT, FE_P2_R25,Unknown Author,N/A,Positive,All was perfect
 FEBOR PARK HOTEL LEVENT, FE_P2_R25,Unknown Author,N/A,Negative,Hospitality
 FEBOR PARK HOTEL LEVENT, FE_P3_R1,Unknown Author,N/A,Positive,very comfortable location near metro station in 5 minutes
 FEBOR PARK HOTEL LEVENT, FE_P3_R1,Unknown Author,N/A,Negative,"the room is fully smoked! the pillow, the blanket-everything smells bad!
then the room was changed"
 FEBOR PARK HOTEL LEVENT, FE_P3_R2,Unknown Author,N/A,Positive,Probably just the price
 FEBOR PARK HOTEL LEVENT, FE_P3_R2,Unknown Author,N/A,Negative,It smelled most of the time
 FEBOR PARK HOTEL LEVENT, FE_P3_R3,Unknown Author,N/A,Positive,Location
 FEBOR PARK HOTEL LEVENT, FE_P3_R3,Unknown Author,N/A,Negative,Facilities. Shower was broken. Everything was old or rusty. Breakfast options were limited.
 FEBOR PARK HOTEL LEVENT, FE_P3_R4,Unknown Author,N/A,Positive,"Everything was fine: service, breakfast, staff."
 FEBOR PARK HOTEL LEVENT, FE_P3_R4,Unknown Author,N/A,Negative,"It is not allowed to bring food from outside and the food is very expensive in the cafe that the hotel works with.
There is a stadium where American football is played right next to the hotel. Sounds are heard until 2-3 o'clock at night."
 FEBOR PARK HOTEL LEVENT, FE_P3_R5,Unknown Author,N/A,Negative,"They cancel our booking last minute, telling that there is no room available."
 FEBOR PARK HOTEL LEVENT, FE_P3_R6,Unknown Author,N/A,Positive,Nothing
 FEBOR PARK HOTEL LEVENT, FE_P3_R6,Unknown Author,N/A,Negative,The hotel is very bad specially the staff and the breakfast
 FEBOR PARK HOTEL LEVENT, FE_P3_R7,Unknown Author,N/A,Positive,"For this price, hotel was great. Nice, clean room (a bit small, but it was perfectly ok). Good location, near meteo and bus station, so you can easily get almost everywhere. All of the stuff were really kind, friendly and helpful."
 FEBOR PARK HOTEL LEVENT, FE_P3_R7,Unknown Author,N/A,Negative,First 2 days we had omelette and menemen for breakfast. Other days there wasn’t. Breakfast could be a little better.
 FEBOR PARK HOTEL LEVENT, FE_P3_R8,Unknown Author,N/A,Positive,"Perfect room for this price, you have everything you need, there is also complimentary water, tea and coffee in your room. There is parking spot im front of the hotel, the street is tiny but there is a spot to park your car. The breakfast was good It was a buffet, it is not so varied but it is enough."
 FEBOR PARK HOTEL LEVENT, FE_P3_R8,Unknown Author,N/A,Negative,Nothing.
 FEBOR PARK HOTEL LEVENT, FE_P3_R9,Unknown Author,N/A,Positive,"Great, helpful staff and an amazing location."
 FEBOR PARK HOTEL LEVENT, FE_P3_R10,Unknown Author,N/A,Positive,Reception guys very kind and help everytime
 FEBOR PARK HOTEL LEVENT, FE_P3_R11,Unknown Author,N/A,Positive,The location is excellent fairly close to the underground metro. The venue is clean and spacious. The room was very presentable. Bed was excellent.
 FEBOR PARK HOTEL LEVENT, FE_P3_R11,Unknown Author,N/A,Negative,Nothing
 FEBOR PARK HOTEL LEVENT, FE_P3_R12,Unknown Author,N/A,Positive,"I had a good time there, the hotel was great. The staff were friendly. The breakfast was good, but every day it was the same menu."
 FEBOR PARK HOTEL LEVENT, FE_P3_R13,Unknown Author,N/A,Positive,This hotel is 2 star not 3
 FEBOR PARK HOTEL LEVENT, FE_P3_R13,Unknown Author,N/A,Negative,Becouse  breakfast  is not good
 FEBOR PARK HOTEL LEVENT, FE_P3_R14,Unknown Author,N/A,Positive,"Parking, Value, proximity to Metro"
 FEBOR PARK HOTEL LEVENT, FE_P3_R14,Unknown Author,N/A,Negative,Somewhat lack of dining & convenience store options in the immediate vicinity
 FEBOR PARK HOTEL LEVENT, FE_P3_R15,Unknown Author,N/A,Positive,The rooms are very small
 FEBOR PARK HOTEL LEVENT, FE_P3_R15,Unknown Author,N/A,Negative,"In general, I did not like anything"
 FEBOR PARK HOTEL LEVENT, FE_P3_R17,Unknown Author,N/A,Positive,"There was a seosoned lady there who fixed most of the problems such as cleaning the van in the bathroom .repairing broken tools such as the gear of the roof windows or dush of the bathroom .  The breakfast was simple but competant.the area of breakfast place wasclean and accaptable ant attractive .the staff who was  working there were hardworking and had diciplines.but they didnot serve different type of bread and that was their weack point .
There was a young lady there who was polite and responsible .....She helped us by ordering other staffs giving us boiled water .They brougth us the dishes (plate, knives, spoons,....)which we ordered but there were no hankerchief there. but the place of the Hotel was really good near the Metro station .and have a supermaket near it self."
 FEBOR PARK HOTEL LEVENT, FE_P3_R17,Unknown Author,N/A,Negative,"There was  a rude and aggressive man at the receptions who insisted to recieve just euro from the guest ,Ido not know why he refused to accept U,S,A dollar , And the most important subject which bothered me a lot was that Ihave written that Iwould pay the fee for three nigths by cash and later ,and they were not allowed to take their money from the credit number I  had annnanunced during the resevation in booking .com but becouse the nigth before check-out Iwent to the reception and informed them that Iwould be ready to pay the fee but in U.S.A Dollar . they said to me that tomarrow the bosss would be here and you can speak with him there .But the date of check-out when Iwent to the reception the rude man simply said that they have taen the fee from the credit card and every thing is done!
but the credit card number  which I have released belongs to my cousin and not me ! and it was a shame  on me that the money was taken from him due the international problems which have Islamic Republic of Iran with International accounts and connection . please ask them not to do this action any further. 
Secondly, the boss there was not pleased to help me by the problem which I had had  with their WiFi Internet .Just once there was a staff there who he asked to help me for first time but the second time he refused to help me and just said    Iam not the ITingineur and the WifI is connected ! but Ihad on-line class which was important for me and was their weackest point. Third, they did not have a public area such as Library ,or conferance room and so an .to let the guests read or use the Internet after they check-out and when they are waiting for their depature fligth . THE LAST POINT WAS THEIR WINDOWS WERE NOT CLEAN AT ALL THEY NEED TO EMPLOY EXTRA SERVANT TO DO THESE ISSUES ,Ttoo. they did not have any desk and light for that for a person who should study or work with the Internet . The kettle in our room had a broken door ! they really need repairing their tools I think."
 FEBOR PARK HOTEL LEVENT, FE_P3_R18,Unknown Author,N/A,Positive,location
 FEBOR PARK HOTEL LEVENT, FE_P3_R18,Unknown Author,N/A,Negative,"mold in the shower - a lot of it in our first room, then we found it again in a new room that hotel provided to us."
 FEBOR PARK HOTEL LEVENT, FE_P3_R19,Unknown Author,N/A,Positive,the room was very comfortable and clean.
 FEBOR PARK HOTEL LEVENT, FE_P3_R19,Unknown Author,N/A,Negative,"I didn't like the reception staff as they were of no use in understanding what I was asking,Bad English bad communication and they did nothing to try and have a dialogue.I had problems throughout my stay I needed the internet to communicate with my family and look for places to visit but as a connection it was time consuming and every time I had to go Down in reception and ask for the internet to be reactivated but this was not a problem the real problem they were looking for excuses not to give you the connection How is it possible today not to have a connection or to deprive the customer who is paying of denying them the internet connection for which currently in 2023 it is essential to accomplish many things of the Own day.
In the room they gave a small bottle of water and a coffee if you asked for a water plus they pretended not to understand you so as not to give you another bottle of water. Staff and reception to be reorganised.I do not recommend this hotel and I don't think I will ever go back."
 Golden Age Hotel, GO_P1_R1,Unknown Author,N/A,Positive,The staff went beyond to help in all my needs
 Golden Age Hotel, GO_P1_R1,Unknown Author,N/A,Negative,It was all very good
 Golden Age Hotel, GO_P1_R2,Unknown Author,N/A,Positive,"Great breakfast, clean rooms, great service"
 Golden Age Hotel, GO_P1_R2,Unknown Author,N/A,Negative,Somebody was trying to open the door at the middle of the night!
 Golden Age Hotel, GO_P1_R3,Unknown Author,N/A,Positive,Lication mainly
 Golden Age Hotel, GO_P1_R3,Unknown Author,N/A,Negative,Lightning is not good
 Golden Age Hotel, GO_P1_R4,Unknown Author,N/A,Positive,Location and staff
 Golden Age Hotel, GO_P1_R4,Unknown Author,N/A,Negative,"Breakfast, ventilation
 during breakfast"
 Golden Age Hotel, GO_P1_R5,Unknown Author,N/A,Positive,Location breakfast cleanness good staff
 Golden Age Hotel, GO_P1_R5,Unknown Author,N/A,Negative,Problems of elevator/lift
 Golden Age Hotel, GO_P1_R6,Unknown Author,N/A,Positive,"One of the best hotels I’ve ever stayed in!
The location is perfect — just a few steps away from Taksim Square. The rooms are spacious and clean, breakfast is good, and the customer service is excellent.
Special thanks to Hakim Ramzna for his kindness and great help — he was always friendly and very cooperative. Highly recommended!"
 Golden Age Hotel, GO_P1_R7,Unknown Author,N/A,Positive,"Mesut from the reception he's the best ,he always ready to help.
Thank you 😊"
 Golden Age Hotel, GO_P1_R8,Unknown Author,N/A,Positive,"great location , clean lobby and helfull reception"
 Golden Age Hotel, GO_P1_R8,Unknown Author,N/A,Negative,"bad smell eminating from bathroom, rooms were not serviced with fresh cups,tea bags and sugar daily (had to request it daily) . breakfast room did not have milk for the cereals on the last day of stay( requested from waiter and was told they dont have ), they didnt even try to assist"
 Golden Age Hotel, GO_P1_R9,Unknown Author,N/A,Positive,The place is amazing around everything
 Golden Age Hotel, GO_P1_R9,Unknown Author,N/A,Negative,The receptionist 😤
 Golden Age Hotel, GO_P1_R10,Unknown Author,N/A,Positive,This is 2nd time I stay there and every time I will come back same hotel for sure
 Golden Age Hotel, GO_P1_R11,Unknown Author,N/A,Positive,"breakfast, staff, clean,.......etc"
 Golden Age Hotel, GO_P1_R12,Unknown Author,N/A,Positive,I asked for an early check in .. they upgrade me  and  checked in at 7am.
 Golden Age Hotel, GO_P1_R13,Unknown Author,N/A,Positive,"As expected of big city hotel. Clean, polite, with some nice touches at history. Wide breakfast choice and opening hours."
 Golden Age Hotel, GO_P1_R13,Unknown Author,N/A,Negative,Funny smell on top pool floor and pool very enclosed. Only one sachet of coffee per person in room. Afternoon tea advertised for an hour but cake ran out in first 30min. But these are minor. Overall good experience.
 Golden Age Hotel, GO_P1_R14,Unknown Author,N/A,Positive,"Very nice hotel ,breakfast,location everything was 👍"
 Golden Age Hotel, GO_P1_R15,Unknown Author,N/A,Positive,"Breakfast, location."
 Golden Age Hotel, GO_P1_R16,Unknown Author,N/A,Positive,"The staff were friendly and extremely helpful.
Location was ideal."
 Golden Age Hotel, GO_P1_R16,Unknown Author,N/A,Negative,The toilet is too close to the shower where you cannot actually sit on the loo properly as the shower glass is touching the toilet.
 Golden Age Hotel, GO_P1_R17,Unknown Author,N/A,Positive,"Everything was great from services, breakfast, and location.
i will come back again for sure."
 Golden Age Hotel, GO_P1_R17,Unknown Author,N/A,Negative,Everything was acceptable
 Golden Age Hotel, GO_P1_R18,Unknown Author,N/A,Positive,Location was perfect to move to most of the tourist destinations as access to metro is easy.
 Golden Age Hotel, GO_P1_R18,Unknown Author,N/A,Negative,"Things like towel and other basic necessities ( water, tea ) were not kept everyday until asked to do so."
 Golden Age Hotel, GO_P1_R19,Unknown Author,N/A,Positive,"Location was good. 
Hotel was cleaned organized and most things worked inside the room."
 Golden Age Hotel, GO_P1_R19,Unknown Author,N/A,Negative,"The AC went off 2 times for maybe 30 min. After complaining, it may have started again after 1 hour. The basin clogs up. Needs to be extensively cleaned well."
 Golden Age Hotel, GO_P1_R20,Unknown Author,N/A,Positive,The location is amazing and staff are so friendly
 Golden Age Hotel, GO_P1_R20,Unknown Author,N/A,Negative,The window was not shut properly and there a lot of noises every night and I couldn’t sleep at all
 Golden Age Hotel, GO_P1_R21,Unknown Author,N/A,Positive,The location
 Golden Age Hotel, GO_P1_R21,Unknown Author,N/A,Negative,The smell of the Bathroom detergents
 Golden Age Hotel, GO_P1_R22,Unknown Author,N/A,Negative,"Not really about this hotel.
However, I want to say the fellow guests (aka students) were staying right next to me and being absolute idiots.
Partying inside the room playing loud music, shouting. I’m a frequent traveler stayed all kinds and quality of accommodations.
Not a once in my experience I was annoyed to this point."
 Golden Age Hotel, GO_P1_R23,Unknown Author,N/A,Positive,"Location 
Price
Breakfast"
 Golden Age Hotel, GO_P1_R23,Unknown Author,N/A,Negative,The staff not wearing gloves when changing the breakfast food
 Golden Age Hotel, GO_P1_R24,Unknown Author,N/A,Negative,Pool in not heated as mentioned in the Booking.com
 Golden Age Hotel, GO_P2_R1,Unknown Author,N/A,Positive,"All rooms doors are very noisy 
Of neighbour is closing it looks like your door is closing"
 Golden Age Hotel, GO_P2_R1,Unknown Author,N/A,Negative,Noise in the neighbour rooms was very audible
 Golden Age Hotel, GO_P2_R2,Unknown Author,N/A,Positive,"Excellent position,near taksim square,staff very friendly and helpfull,very good breakfast"
 Golden Age Hotel, GO_P2_R2,Unknown Author,N/A,Negative,"The room , thin wall,smoke smell,food smell...not an european4*hotel..."
 Golden Age Hotel, GO_P2_R3,Unknown Author,N/A,Positive,"Location is very good, the staff are supportive especially Kinan"
 Golden Age Hotel, GO_P2_R4,Unknown Author,N/A,Positive,"A great location for easy traveling to and from the airports. The hotel has plenty of offers to make the stay more enjoyable, and a very good breakfast."
 Golden Age Hotel, GO_P2_R5,Unknown Author,N/A,Positive,"The breakfast was fantastic 
The location was nice
The staff were helpful 
Perfect wifi"
 Golden Age Hotel, GO_P2_R5,Unknown Author,N/A,Negative,"I was there during Christmas time and it was noisy, especially that there is no Ac in the rooms and you need to open the window at night. 
Bathroom Towels were extremely outdated."
 Golden Age Hotel, GO_P2_R6,Unknown Author,N/A,Positive,"Breakfast, staff, location, clean rooms. Fast check in and out."
 Golden Age Hotel, GO_P2_R6,Unknown Author,N/A,Negative,Rooms a bit noisy
 Golden Age Hotel, GO_P2_R7,Unknown Author,N/A,Positive,"Well maintained hotel. Okay room size for hotel in Istanbul. Breakfast is great with a lot of varieties , rarely to find such breakfast for the price i paid. Helpful staff."
 Golden Age Hotel, GO_P2_R7,Unknown Author,N/A,Negative,The rooms are not sound proof. Even windows dont close tightly. You can feel the wind coming from windows. And you can hear each low or high noise from the corridors. Consider changing your flooring to carpet will take the room to next level.
 Golden Age Hotel, GO_P2_R8,Unknown Author,N/A,Positive,"The staff was super friendly on arrival and the best thing was even after our stay they were the same and so helpful and friendly, appreciate it. 
The location was great too as its few mins away from taksim’s meydan."
 Golden Age Hotel, GO_P2_R9,Unknown Author,N/A,Positive,Prime location. Breakfast was good
 Golden Age Hotel, GO_P2_R10,Unknown Author,N/A,Positive,"Location
Staff
Clean"
 Golden Age Hotel, GO_P2_R11,Unknown Author,N/A,Positive,"- speed of service
- internet
- breakfast 
- Location"
 Golden Age Hotel, GO_P2_R11,Unknown Author,N/A,Negative,"- smelly reception
- towels were extremely worn down"
 Golden Age Hotel, GO_P2_R12,Unknown Author,N/A,Positive,"Very nice location, very rich breakfast"
 Golden Age Hotel, GO_P2_R12,Unknown Author,N/A,Negative,Staff in Restaurant was not ok
 Golden Age Hotel, GO_P2_R13,Unknown Author,N/A,Positive,"- Perfect location
- Great staff and service, offered us breakfast as we arrived early before check-in time
- Breakfast is varied
- Baggage storage before check-in and after check-out"
 Golden Age Hotel, GO_P2_R13,Unknown Author,N/A,Negative,"- The ""view"" from the room
- Room gets hot even though heater is not turned on (maybe because adjacent rooms had their heater on), and cooling didn't seem to function
- Bathroom a bit tight
- Not sound proof, we can hear people talking"
 Golden Age Hotel, GO_P2_R14,Unknown Author,N/A,Positive,"Great location, good service, value for money"
 Golden Age Hotel, GO_P2_R15,Unknown Author,N/A,Positive,"Bell boy Hakim went out of his way to ensure we had everything we needed for our stay. He used his initiative to catch a taxi for us and bartered with the driver on our behalf. He ensured our luggage was safe while we were away for 3 nights. Excellent. Thank you. 
Guest Relations Manager Kubra was attentive to detail and spent time with guests, again very open to supporting with any issues raised.
Front desk staff Burak tried his best to support with issues, even at 2AM. He greeted me with a smile and explored various options to help.
Night Manager Rafik has a wealth of experience in running the hotel. He was supportive also.
All of the above was implemented through the guidance, tutelage and support of Day Manager Yunus Bey. Nothing was too difficult for him. He went above and beyond in supporting me with some small issues. When I return to Istanbul from UK, I will be sure to return to Golden Age Hotel, purely due to the excellent service I received from Yunus Bey. He welcomed us and cared for us like family, and extended his generosity to us and went out of his way to ensure our stay was memerable. Thank you very much for this.
The location of the hotel was perfect also - 2 mins walk from Taksim square, Metro station and automated metro connecting to tram service. 5 mins walk from Havaist bus stop for connections to and from IST and SAW airports. 
I would be sure to recommend this hotel to all readers, family and friends."
 Golden Age Hotel, GO_P2_R15,Unknown Author,N/A,Negative,Nothing
 Golden Age Hotel, GO_P2_R16,Unknown Author,N/A,Positive,"Breakfast was very good , room size very bad , not so much clean"
 Golden Age Hotel, GO_P2_R17,Unknown Author,N/A,Positive,Location
 Golden Age Hotel, GO_P2_R17,Unknown Author,N/A,Negative,Staff
 Golden Age Hotel, GO_P2_R18,Unknown Author,N/A,Positive,Location. And breakfast
 Golden Age Hotel, GO_P2_R18,Unknown Author,N/A,Negative,Small room
 Golden Age Hotel, GO_P2_R19,Unknown Author,N/A,Positive,"The staff were quite nice, they even provided us with free ironing service, the breakfast was great, and the location was spectacular. Overall good value for money."
 Golden Age Hotel, GO_P2_R19,Unknown Author,N/A,Negative,"The room and the bed were a bit small, but it was ok."
 Golden Age Hotel, GO_P2_R20,Unknown Author,N/A,Positive,Breakfast was fresh and had a good variety. The room was clean and comfortable. The location was a 5 min walk from Taksim square. The staff were mostly obliging.
 Golden Age Hotel, GO_P2_R21,Unknown Author,N/A,Positive,"I liked everything, especially the staff. Erdi was EXCELLENT and Hakim too.
I was impressed with staff and location."
 Golden Age Hotel, GO_P2_R21,Unknown Author,N/A,Negative,"My only issue was there was not a lot of breakfast options for me at all. I ended up eating eggs and fruit everyday. I dont eat bread, dairy or gluten.
Also, 730 too late to start breakfast!"
 Golden Age Hotel, GO_P2_R22,Unknown Author,N/A,Positive,Location
 Golden Age Hotel, GO_P2_R22,Unknown Author,N/A,Negative,They need to get the tourist board to equip them with a range of multi language tourist information.  They have some but it’s not nearly enough.  I’m sure it would be a free service if the just ask.
 Golden Age Hotel, GO_P2_R23,Unknown Author,N/A,Positive,Location and breakfast and staff behaviour are good
 Golden Age Hotel, GO_P2_R23,Unknown Author,N/A,Negative,"I reserved a room beside quite street but the street was so noisy and window couldn't control it , also room service not good most of the time I had to ask water or extra sheet"
 Golden Age Hotel, GO_P2_R24,Unknown Author,N/A,Positive,The manger is very nice and u love you’re work thank you mr ERDI
 Golden Age Hotel, GO_P2_R24,Unknown Author,N/A,Negative,Good
 Golden Age Hotel, GO_P2_R25,Unknown Author,N/A,Positive,Everything met my expectations. Good location. Relaxing pool. Clean hotel.
 Golden Age Hotel, GO_P2_R25,Unknown Author,N/A,Negative,Breakfast can be better. Omelet was nice.
 Golden Age Hotel, GO_P3_R1,Unknown Author,N/A,Positive,location is perfect.
 Golden Age Hotel, GO_P3_R1,Unknown Author,N/A,Negative,"1 staff behaviour but all others good, average breakfast , lift sensor does not work."
 Golden Age Hotel, GO_P3_R2,Unknown Author,N/A,Positive,Only the location
 Golden Age Hotel, GO_P3_R2,Unknown Author,N/A,Negative,I asked for a big king size bed but i was given two small beds
 Golden Age Hotel, GO_P3_R3,Unknown Author,N/A,Positive,Good location and fast service
 Golden Age Hotel, GO_P3_R3,Unknown Author,N/A,Negative,"The rooms do not match the photos, they are very small in reality 
Reception staff not smiling and not friendly"
 Golden Age Hotel, GO_P3_R4,Unknown Author,N/A,Positive,"Everything is clean , they come to check every morning , breakfast also was good"
 Golden Age Hotel, GO_P3_R4,Unknown Author,N/A,Negative,"2 rooms next to us were sooo nosy , and screaming at 02 am which was annoying for us , and we called the reception but they didn’t stop disturbing people on that Floor , but overall the hotel was nice"
 Golden Age Hotel, GO_P3_R5,Unknown Author,N/A,Positive,Good hotel
 Golden Age Hotel, GO_P3_R5,Unknown Author,N/A,Negative,Non
 Golden Age Hotel, GO_P3_R6,Unknown Author,N/A,Negative,"Unfortunately we had a bad experience while staying at the hotel. Another customer entered our room in the middle of the night, because apparently they had given us the wrong room. I think they could have handled the issue in a better way, after all it was not our fault. Other than that the facilities and breakfast served were very good."
 Golden Age Hotel, GO_P3_R7,Unknown Author,N/A,Positive,Really it’s a bad idea to book in this hotel
 Golden Age Hotel, GO_P3_R7,Unknown Author,N/A,Negative,Very noisy and not comfortable
 Golden Age Hotel, GO_P3_R8,Unknown Author,N/A,Positive,Everything
 Golden Age Hotel, GO_P3_R9,Unknown Author,N/A,Negative,"Upon arrival, I was assigned a room where the lighting was inadequate and the refrigerator was non-functional. Although these issues were addressed after I reported them, I still opted to upgrade to a larger room for an additional fee, hoping for a more comfortable stay.​
For the new room, I specifically requested the staff to verify that the refrigerator was working, and they confirmed it was working. However, after two days, I discovered that the refrigerator had malfunctioned, resulting in all my stored food spoiling and needing to be discarded.
Overall Impression: These recurring issues with room amenities, despite staff assurances, led to significant inconvenience and additional expenses during my stay.​"
 Golden Age Hotel, GO_P3_R10,Unknown Author,N/A,Positive,The location
 Golden Age Hotel, GO_P3_R10,Unknown Author,N/A,Negative,"Rooms are over priced. Very small rooma and you can hear all sounds coming from other rooms.
There was a bad smell in coridors , i had an issue in the wifi in my room. It took 3 days until they respond and fix it. Also one day the water cut out to the room and when it came back again it  came dirty"
 Golden Age Hotel, GO_P3_R11,Unknown Author,N/A,Positive,The location
 Golden Age Hotel, GO_P3_R11,Unknown Author,N/A,Negative,"The staff were very rude, the room cleaning if it considered cleaning they just empty the trash cans and make the beds breakfast was okay the lobby smells really bad"
 Golden Age Hotel, GO_P3_R12,Unknown Author,N/A,Negative,"The hotel asked us to pay for breakfast, even though I had already paid for 5 days in advance"
 Golden Age Hotel, GO_P3_R13,Unknown Author,N/A,Positive,Breakfast
 Golden Age Hotel, GO_P3_R13,Unknown Author,N/A,Negative,"Not clean
Very noisy room and location 
Very bad and poor service 
Old and damaged furniture"
 Golden Age Hotel, GO_P3_R14,Unknown Author,N/A,Positive,Very good
 Golden Age Hotel, GO_P3_R14,Unknown Author,N/A,Negative,excellent
 Golden Age Hotel, GO_P3_R15,Unknown Author,N/A,Positive,"Appreciate the early check in, and the breakfast was good, guest relation"
 Golden Age Hotel, GO_P3_R15,Unknown Author,N/A,Negative,"Poor service, under renovation , rude staff on the phone, I had no towels for the entire stay, on the third day I called the reception three times waited 40 minutes to get a shower, and the receptionist hung up the phone on my after shouting (WAIT TWO MORE MINUTES!). The last day there was no water to shower, I went to guest relation and talked to that polite lady about all these issues, and all she offered was late check out at 2:00 pm!! I assured her that I don’t need it I just want to take a shower and leave, and that is what I did when the water came back, I may understand the staff attitude , as they might be under pressure for too much complains, but I blame the owner and the management, they should not put their staff in such embarrassment situation"
 Golden Age Hotel, GO_P3_R16,Unknown Author,N/A,Positive,Just the proximity to Taksim square
 Golden Age Hotel, GO_P3_R16,Unknown Author,N/A,Negative,"Staff is rude and not welcoming, the rooms are stuffy and stinky. Staff does not co-operate at all.
Condition of the rooms is very very bad. 
The first room we were allocated (a free upgrade that we never asked for) had a very foul stink. They changed the room and the floor of this one was not uniform, the floor had blown like a ballon near the bed, made us trip a few times. 
Breakfast spread is not that great. 
The staff does not know what the food item is when asked.
No one smiles and you feel there’s some kind of stress on the floor.
The whole hotel has some kind of dirty stink.
Swimming pool is open only from 11am-6pm which happens to be to the sightseeing time. Don’t know why they have it open when the timing does not seem feasible.
The changed room was missing a bath robe so we asked for it and they just kept one. We were two people."
 Golden Age Hotel, GO_P3_R17,Unknown Author,N/A,Positive,I appreciated the convenient location of the hotel.
 Golden Age Hotel, GO_P3_R17,Unknown Author,N/A,Negative,"The reception area was poorly lit, which gave a dark and unwelcoming vibe. Additionally, cold air entered the room, making it uncomfortable during my stay."
 Golden Age Hotel, GO_P3_R18,Unknown Author,N/A,Positive,"Location, cleanliness, facility, staff, service, all was way above my expectations, will only stay in this hotel in future 🙏 thank you so so much for your great hospitality"
 Golden Age Hotel, GO_P3_R18,Unknown Author,N/A,Negative,Nothing
 Golden Age Hotel, GO_P3_R19,Unknown Author,N/A,Positive,breakfast and location were good
 Golden Age Hotel, GO_P3_R19,Unknown Author,N/A,Negative,hotel price is higher than other places.
 Golden Age Hotel, GO_P3_R20,Unknown Author,N/A,Positive,Location
 Golden Age Hotel, GO_P3_R21,Unknown Author,N/A,Positive,Location
 Golden Age Hotel, GO_P3_R22,Unknown Author,N/A,Positive,Location
 Golden Age Hotel, GO_P3_R23,Unknown Author,N/A,Negative,"Terrible Experience - Room Issues and Unprofessional Staff
I want to share my disappointing experience at this hotel. To start, the room I was given was different from the one I had booked. The room was extremely noisy, with broken bathroom shelves, damaged window handles, and a thick layer of dust everywhere. I requested a thorough cleaning, but to my shock, the cleaner threw away all of my camera films. When I complained, they refused to take responsibility, which was incredibly frustrating and unprofessional.
The staff, in general, were highly unprofessional. I had to call 3-5 times just to get simple room service, like a cup of tea. The worst part of my stay was when, on multiple occasions, staff members entered my room early in the morning without permission. This happened even more frequently on my last day, to the point where I had to shout at them to leave my room. I have never experienced anything like this in any other hotel.
Overall, my stay was awful, and I did not enjoy it at all. I would not recommend this hotel to anyone."
 Golden Age Hotel, GO_P3_R24,Unknown Author,N/A,Positive,"The location is convenient and central for us close to restaurants and amenities and also close to trains and taxis easy to navigate for business and pleasure.
The room is spacious and lovely but really needs an update and a thorough spring clean. The tiles of the door have been broken since my stay in May, some light dont work, not enough cupboard space at all. Very outdated look for a Kings suite.
Breakfast is ample and the variety of dishes is incredible. As someone who has been visiting Istanbul for over 20 years for business it is one of the best hotel breakfasts by comparison to others in the same area which I have stayed at. My complaint is the staff are incredibly noisy and the breakfast room is designed in a very impractical and quite honestly chatic way. There are tables for 8-10 people and while i understand people travel together or as families I have never seen any one large family occupying such a space. There is a bottleneck at the stations of food. 
Swimming pool is lovely but again in need of updating towels and making sure the bar is stocked and professionally staffed.
Nida is lovely speaks wonderful english and attends to guests in a very professional manner. The rest of the staff bring the quality of the place down."
 Golden Age Hotel, GO_P3_R24,Unknown Author,N/A,Negative,"The reception staff have no etiquette are borderline rude, have no understanding in english at all. I dont expect them to speak every language but english is somewhat universal and all over the world is the primary language of communication, if one person comes from China and another from Italy they may find some sort of communication in English. Hotel staff who can only communicate in turkish is very difficult to maeuver in an international city.
The reception staff is also very rude and almost reluctant to assist with most requests.
Breakfast room extremely noisy badly laid out and chaotic partly due to guests all crammed in one end and noisy staff just throwing plates and cutlery into a trolley that 3 of them are pushing while speaking loudly and laughing away. Very unprofessional."
 Golden Age Hotel, GO_P3_R25,Unknown Author,N/A,Positive,Nothing
 Golden Age Hotel, GO_P3_R25,Unknown Author,N/A,Negative,They where rude they charged me twice but the booking get back my money thats why i love booking
 Golden Age Hotel, GO_P4_R1,Unknown Author,N/A,Positive,"Overall I had an amazing stay. The hotel is beautiful with a big attention to detail, the staff is very polite and helpful, the breakfast is rich and there is a person who can make your eggs however you want."
 Golden Age Hotel, GO_P4_R1,Unknown Author,N/A,Negative,"The standard rooms are very small, two people would have an issue staying together."
 Golden Age Hotel, GO_P4_R2,Unknown Author,N/A,Positive,"Erdi, kenan and Muhammed are the best! Great service"
 Golden Age Hotel, GO_P4_R3,Unknown Author,N/A,Positive,"The location
The variety of the breakfast"
 Golden Age Hotel, GO_P4_R3,Unknown Author,N/A,Negative,Nothing
 Golden Age Hotel, GO_P4_R4,Unknown Author,N/A,Positive,every think is prefect
 Golden Age Hotel, GO_P4_R5,Unknown Author,N/A,Positive,The staff and breakfast were nice
 Golden Age Hotel, GO_P4_R5,Unknown Author,N/A,Negative,My parent's room wasn't the same room I saw and booked. it was making me upset.
 Golden Age Hotel, GO_P4_R6,Unknown Author,N/A,Positive,"Nice property. Great location and friendly staff, ask about Melike she will help you with everything you want"
 Golden Age Hotel, GO_P4_R7,Unknown Author,N/A,Positive,I didn’t like anything
 Golden Age Hotel, GO_P4_R7,Unknown Author,N/A,Negative,The staff was not good
 Golden Age Hotel, GO_P4_R8,Unknown Author,N/A,Positive,The neighborhood was great. Close to taksim and many shops and restaurants.
 Golden Age Hotel, GO_P4_R8,Unknown Author,N/A,Negative,Behavior of the staff. Quality of the room was not so good.
 Golden Age Hotel, GO_P4_R9,Unknown Author,N/A,Positive,Location
 Golden Age Hotel, GO_P4_R9,Unknown Author,N/A,Negative,The staff are uncooperative and the hotel is old.
 Golden Age Hotel, GO_P4_R10,Unknown Author,N/A,Positive,That was very bad
 Golden Age Hotel, GO_P4_R10,Unknown Author,N/A,Negative,The service it was very bad was asked for example to change the phone inside the room for five days. Nothing happened and I was ask for sugar and water for the room for five hours after five hours. I get it before I get it I was by from outside
 Golden Age Hotel, GO_P4_R11,Unknown Author,N/A,Positive,"Nice location.
Despite of many guests in the hotel, the nights were very quiet."
 Golden Age Hotel, GO_P4_R11,Unknown Author,N/A,Negative,"I have never felt so ignored by someone like when I was checking at the hotel. The receptionist after giving me my passport back just started foung another things without giving me the keys and explaining where is the room, lift, breakfast time… Just 1-2 minutes later he said „my colleague is coming, he will take your luggage to the room”. That’s all. After 5 days spent in the hotel and observing how they treat me and also another guests, I have to recognize, that I have never met such a rude personel in a hotel. Doesn’t metter if it’s reception team or team serving the breakfast - all of them are always in bad mood and angry that you are in the hotel. 
During my whole stay same houskeeper was taking care of my room. She was very nice (once she even asked if everything was fine in the room and I dared to ask her for the towels which she forgot to put in the bathroom), but didn’t clean the room. Shower or toilet were dirty and not cleaned during my almost one week stay. I used slippers in the room and after 5 days they were just black from the dirtiness in the room.
The room was like on the photo’s, which is good, but little bit overpriced."
 Golden Age Hotel, GO_P4_R12,Unknown Author,N/A,Positive,The property is located in Taksim area with all facilities nearby. Rooms are clean and quite. Good for families. Staff are kind and helpful.
 Golden Age Hotel, GO_P4_R12,Unknown Author,N/A,Negative,All was good.
 Golden Age Hotel, GO_P4_R13,Unknown Author,N/A,Positive,"Really exceptional staff, and they're very helpful 
Special thanks to Muhamet and Erdi for their kindness and support"
 Golden Age Hotel, GO_P4_R14,Unknown Author,N/A,Positive,"The location is certainly central. The staff is exceptionally friendly, especially Burak was gentle and kind. The breakfast and the salad was prepared in proper manner. I can easily say, as a regular traveler, this was the best hotel experience I've ever had in this price range ."
 Golden Age Hotel, GO_P4_R14,Unknown Author,N/A,Negative,The entrance could be a bit cleaner but understandable since it was a rainy day.
 Golden Age Hotel, GO_P4_R15,Unknown Author,N/A,Positive,Evrtything
 Golden Age Hotel, GO_P4_R15,Unknown Author,N/A,Negative,Nothing
 Golden Age Hotel, GO_P4_R16,Unknown Author,N/A,Positive,"Location was perfect for our needs 
We were allocated our rooms as soon as we arrived at 10 AM which was really appreciated"
 Golden Age Hotel, GO_P4_R16,Unknown Author,N/A,Negative,Bar bit pricey
 Golden Age Hotel, GO_P4_R17,Unknown Author,N/A,Positive,Good
 Golden Age Hotel, GO_P4_R17,Unknown Author,N/A,Negative,Good
 Golden Age Hotel, GO_P4_R18,Unknown Author,N/A,Positive,Erdi samet Mehmet very good person
 Golden Age Hotel, GO_P4_R19,Unknown Author,N/A,Positive,Erdi samet Mehmet very good person
 Golden Age Hotel, GO_P4_R20,Unknown Author,N/A,Positive,Erdi samet Mehmet very good person
 Golden Age Hotel, GO_P4_R21,Unknown Author,N/A,Positive,The location was perfect
 Golden Age Hotel, GO_P4_R21,Unknown Author,N/A,Negative,"They gave me room in lower floor closed to restaurant , it was so noisy especially at night bcuz the window was overlooks the street."
 Golden Age Hotel, GO_P4_R22,Unknown Author,N/A,Positive,Erdi samet mehmet best
 Golden Age Hotel, GO_P4_R23,Unknown Author,N/A,Positive,Erdi samet mehmet best
 Golden Age Hotel, GO_P4_R24,Unknown Author,N/A,Positive,Erdi samet mehmet best
 Golden Age Hotel, GO_P4_R25,Unknown Author,N/A,Positive,Location
 Golden Age Hotel, GO_P4_R25,Unknown Author,N/A,Negative,Nothing
